run_id,ts,eval,harness,model,tag,wall_s,tok_in,tok_out,tools,exit,score_pct
2026-05-10T04-09-38Z_wifi-stats_qwen3_14b_baseline,2026-05-10T04-09-38Z,wifi-stats,pi,qwen3:14b,baseline,67,2876,3008,6,0,48
2026-05-10T04-13-19Z_wifi-stats_qwen3_14b_skills,2026-05-10T04-13-19Z,wifi-stats,pi,qwen3:14b,skills,54,5837,2336,3,0,33
2026-05-10T04-16-57Z_wifi-stats_qwen3_14b_sysprompt,2026-05-10T04-16-57Z,wifi-stats,pi,qwen3:14b,sysprompt,58,6788,2462,4,0,58
2026-05-10T04-32-00Z_wifi-stats_pi_qwen3_14b_sysprompt2,2026-05-10T04-32-00Z,wifi-stats,pi,qwen3:14b,sysprompt2,51,4248,2127,3,0,66
2026-05-10T04-33-08Z_wifi-stats_aider_qwen3_14b_baseline,2026-05-10T04-33-08Z,wifi-stats,aider,qwen3:14b,baseline,80,803,2200,0,0,52
2026-05-10T04-42-11Z_bug-fix_pi_qwen3_14b_baseline,2026-05-10T04-42-11Z,bug-fix,pi,qwen3:14b,baseline,105,22709,4205,6,0,27
2026-05-10T04-44-45Z_bug-fix_pi_qwen3_14b_sysprompt,2026-05-10T04-44-45Z,bug-fix,pi,qwen3:14b,sysprompt,81,13625,3303,3,0,9
2026-05-10T04-46-23Z_cli-tool_pi_qwen3_14b_baseline,2026-05-10T04-46-23Z,cli-tool,pi,qwen3:14b,baseline,37,5126,1564,1,0,54
2026-05-10T04-48-33Z_bug-fix_aider_qwen3_14b_baseline,2026-05-10T04-48-33Z,bug-fix,aider,qwen3:14b,baseline,23,730,477,0,0,100
2026-05-10T04-49-17Z_cli-tool_aider_qwen3_14b_baseline,2026-05-10T04-49-17Z,cli-tool,aider,qwen3:14b,baseline,73,769,1900,0,0,100
2026-05-10T04-51-42Z_wifi-stats_aider_qwen3_14b_sysprompt,2026-05-10T04-51-42Z,wifi-stats,aider,qwen3:14b,sysprompt,78,1200,1900,0,0,81
2026-05-10T05-40-21Z_bug-fix_aider_gpt_oss_20b_baseline,2026-05-10T05-40-21Z,bug-fix,aider,gpt-oss:20b,baseline,50,781,551,0,0,100
2026-05-10T05-41-25Z_bug-fix_aider_devstral_24b_baseline,2026-05-10T05-41-25Z,bug-fix,aider,devstral:24b,baseline,95,1692,526,0,0,100
2026-05-10T05-43-05Z_bug-fix_aider_qwen3_coder_30b_a3b_q4_K_M_baseline,2026-05-10T05-43-05Z,bug-fix,aider,qwen3-coder:30b-a3b-q4_K_M,baseline,21,728,148,0,0,100
2026-05-10T05-43-38Z_cli-tool_aider_gpt_oss_20b_baseline,2026-05-10T05-43-38Z,cli-tool,aider,gpt-oss:20b,baseline,31,824,557,0,0,100
2026-05-10T05-44-09Z_cli-tool_aider_devstral_24b_baseline,2026-05-10T05-44-09Z,cli-tool,aider,devstral:24b,baseline,76,1684,405,0,0,90
2026-05-10T05-45-25Z_cli-tool_aider_qwen3_coder_30b_a3b_q4_K_M_baseline,2026-05-10T05-45-25Z,cli-tool,aider,qwen3-coder:30b-a3b-q4_K_M,baseline,19,767,243,0,0,100
2026-05-10T05-56-52Z_wifi-stats_aider_qwen3_coder_30b_a3b_q4_K_M_sysprompt,2026-05-10T05-56-52Z,wifi-stats,aider,qwen3-coder:30b-a3b-q4_K_M,sysprompt,130,1200,2400,0,0,85
2026-05-10T05-59-02Z_wifi-stats_aider_gpt_oss_20b_sysprompt,2026-05-10T05-59-02Z,wifi-stats,aider,gpt-oss:20b,sysprompt,269,1300,6200,0,0,94
2026-05-10T06-03-31Z_wifi-stats_aider_devstral_24b_sysprompt,2026-05-10T06-03-31Z,wifi-stats,aider,devstral:24b,sysprompt,184,1200,1200,0,0,83
2026-05-10T06-06-45Z_bug-fix_pi_qwen3_coder_30b_a3b_q4_K_M_baseline,2026-05-10T06-06-45Z,bug-fix,pi,qwen3-coder:30b-a3b-q4_K_M,baseline,60,17782,976,5,0,100
2026-05-10T06-07-45Z_cli-tool_pi_qwen3_coder_30b_a3b_q4_K_M_baseline,2026-05-10T06-07-45Z,cli-tool,pi,qwen3-coder:30b-a3b-q4_K_M,baseline,28,4664,576,1,0,54
2026-05-10T06-08-14Z_bug-fix_pi_gpt_oss_20b_baseline,2026-05-10T06-08-14Z,bug-fix,pi,gpt-oss:20b,baseline,42,10511,910,4,0,100
2026-05-10T06-08-57Z_cli-tool_pi_gpt_oss_20b_baseline,2026-05-10T06-08-57Z,cli-tool,pi,gpt-oss:20b,baseline,22,1657,565,0,0,0
2026-05-10T06-09-19Z_bug-fix_pi_devstral_24b_baseline,2026-05-10T06-09-19Z,bug-fix,pi,devstral:24b,baseline,24,1762,87,0,0,27
2026-05-10T06-09-44Z_cli-tool_pi_devstral_24b_baseline,2026-05-10T06-09-44Z,cli-tool,pi,devstral:24b,baseline,51,1804,410,0,0,0
2026-05-10T06-10-46Z_wifi-stats_pi_qwen3_coder_30b_a3b_q4_K_M_sysprompt,2026-05-10T06-10-46Z,wifi-stats,pi,qwen3-coder:30b-a3b-q4_K_M,sysprompt,165,24290,2703,6,0,79
2026-05-10T06-13-31Z_wifi-stats_pi_gpt_oss_20b_sysprompt,2026-05-10T06-13-31Z,wifi-stats,pi,gpt-oss:20b,sysprompt,80,2040,927,1,0,9
2026-05-10T06-14-52Z_wifi-stats_pi_devstral_24b_sysprompt,2026-05-10T06-14-52Z,wifi-stats,pi,devstral:24b,sysprompt,407,16766,2903,4,0,48
2026-05-10T06-23-12Z_refactor_aider_qwen3_14b_baseline,2026-05-10T06-23-12Z,refactor,aider,qwen3:14b,baseline,40,760,1500,0,0,100
2026-05-10T06-23-52Z_refactor_pi_qwen3_14b_baseline,2026-05-10T06-23-52Z,refactor,pi,qwen3:14b,baseline,104,1809,4429,0,0,53
2026-05-10T06-25-37Z_refactor_aider_qwen3_coder_30b_a3b_q4_K_M_baseline,2026-05-10T06-25-37Z,refactor,aider,qwen3-coder:30b-a3b-q4_K_M,baseline,23,758,380,0,0,66
2026-05-10T06-26-00Z_refactor_pi_qwen3_coder_30b_a3b_q4_K_M_baseline,2026-05-10T06-26-00Z,refactor,pi,qwen3-coder:30b-a3b-q4_K_M,baseline,216,42058,3188,11,0,66
2026-05-10T06-29-37Z_refactor_aider_gpt_oss_20b_baseline,2026-05-10T06-29-37Z,refactor,aider,gpt-oss:20b,baseline,36,813,733,0,0,100
2026-05-10T06-30-14Z_refactor_pi_gpt_oss_20b_baseline,2026-05-10T06-30-14Z,refactor,pi,gpt-oss:20b,baseline,53,6851,1315,2,0,100
2026-05-10T06-31-08Z_refactor_aider_devstral_24b_baseline,2026-05-10T06-31-08Z,refactor,aider,devstral:24b,baseline,16,722,21,0,0,53
2026-05-10T06-31-25Z_refactor_pi_devstral_24b_baseline,2026-05-10T06-31-25Z,refactor,pi,devstral:24b,baseline,94,6405,738,2,0,53
2026-05-10T06-33-14Z_wifi-stats_aider_qwen3_coder_30b_a3b_q4_K_M_baseline,2026-05-10T06-33-14Z,wifi-stats,aider,qwen3-coder:30b-a3b-q4_K_M,baseline,160,801,3000,0,0,83
2026-05-10T06-35-55Z_wifi-stats_aider_gpt_oss_20b_baseline,2026-05-10T06-35-55Z,wifi-stats,aider,gpt-oss:20b,baseline,128,862,3000,0,0,56
2026-05-10T06-38-04Z_wifi-stats_aider_devstral_24b_baseline,2026-05-10T06-38-04Z,wifi-stats,aider,devstral:24b,baseline,191,778,1300,0,0,70
2026-05-10T06-41-42Z_wifi-stats_aider_devstral_24b_whole-fmt,2026-05-10T06-41-42Z,wifi-stats,aider,devstral:24b,whole-fmt,176,1200,1300,0,0,78
2026-05-10T06-44-46Z_wifi-stats_aider_gpt_oss_20b_directive,2026-05-10T06-44-46Z,wifi-stats,aider,gpt-oss:20b,directive,154,1100,3600,0,0,86
2026-05-10T06-47-21Z_wifi-stats_aider_qwen3_coder_30b_a3b_q4_K_M_directive,2026-05-10T06-47-21Z,wifi-stats,aider,qwen3-coder:30b-a3b-q4_K_M,directive,114,1100,2200,0,0,91
2026-05-10T07-03-39Z_chem-balance_aider_qwen3_14b_baseline,2026-05-10T07-03-39Z,chem-balance,aider,qwen3:14b,baseline,314,2605,13500,0,0,?
2026-05-10T07-25-04Z_chem-balance_aider_qwen3_14b_baseline,2026-05-10T07-25-04Z,chem-balance,aider,qwen3:14b,baseline,285,2605,10800,0,0,?
2026-05-10T07-29-57Z_chem-balance_aider_qwen3_coder_30b_a3b_q4_K_M_baseline,2026-05-10T07-29-57Z,chem-balance,aider,qwen3-coder:30b-a3b-q4_K_M,baseline,88,903,1800,0,0,29
2026-05-10T07-36-15Z_chem-balance_aider_qwen3_14b_baseline,2026-05-10T07-36-15Z,chem-balance,aider,qwen3:14b,baseline,318,905,8800,0,0,11
2026-05-10T07-41-47Z_chem-balance_aider_qwen3_coder_30b_a3b_q4_K_M_baseline,2026-05-10T07-41-47Z,chem-balance,aider,qwen3-coder:30b-a3b-q4_K_M,baseline,76,903,1500,0,0,29
2026-05-10T07-43-03Z_sql-injection-fix_aider_qwen3_14b_baseline,2026-05-10T07-43-03Z,sql-injection-fix,aider,qwen3:14b,baseline,38,832,936,0,0,35
2026-05-10T07-43-14Z_chem-balance_aider_gpt_oss_20b_baseline,2026-05-10T07-43-14Z,chem-balance,aider,gpt-oss:20b,baseline,115,958,2000,0,0,100
2026-05-10T07-43-43Z_password-strength_aider_qwen3_14b_baseline,2026-05-10T07-43-43Z,password-strength,aider,qwen3:14b,baseline,403,1000,8900,0,0,86
2026-05-10T07-45-18Z_chem-balance_aider_devstral_24b_baseline,2026-05-10T07-45-18Z,chem-balance,aider,devstral:24b,baseline,410,871,655,0,0,11
2026-05-10T07-50-28Z_port-scanner_aider_qwen3_14b_baseline,2026-05-10T07-50-28Z,port-scanner,aider,qwen3:14b,baseline,219,892,3400,0,0,100
2026-05-10T07-52-18Z_projectile-sim_aider_qwen3_14b_baseline,2026-05-10T07-52-18Z,projectile-sim,aider,qwen3:14b,baseline,307,965,8100,0,0,100
2026-05-10T07-54-09Z_sql-injection-fix_aider_qwen3_coder_30b_a3b_q4_K_M_baseline,2026-05-10T07-54-09Z,sql-injection-fix,aider,qwen3-coder:30b-a3b-q4_K_M,baseline,209,830,120,0,0,35
2026-05-10T07-57-37Z_projectile-sim_aider_qwen3_coder_30b_a3b_q4_K_M_baseline,2026-05-10T07-57-37Z,projectile-sim,aider,qwen3-coder:30b-a3b-q4_K_M,baseline,66,963,1200,0,0,88
2026-05-10T07-57-40Z_password-strength_aider_qwen3_coder_30b_a3b_q4_K_M_baseline,2026-05-10T07-57-40Z,password-strength,aider,qwen3-coder:30b-a3b-q4_K_M,baseline,98,998,699,0,0,93
2026-05-10T07-58-56Z_projectile-sim_aider_gpt_oss_20b_baseline,2026-05-10T07-58-56Z,projectile-sim,aider,gpt-oss:20b,baseline,97,1000,1500,0,0,100
2026-05-10T07-59-21Z_port-scanner_aider_qwen3_coder_30b_a3b_q4_K_M_baseline,2026-05-10T07-59-21Z,port-scanner,aider,qwen3-coder:30b-a3b-q4_K_M,baseline,95,890,412,0,0,85
2026-05-10T08-00-42Z_projectile-sim_aider_devstral_24b_baseline,2026-05-10T08-00-42Z,projectile-sim,aider,devstral:24b,baseline,497,2723,1645,0,0,58
2026-05-10T08-00-59Z_sql-injection-fix_aider_gpt_oss_20b_baseline,2026-05-10T08-00-59Z,sql-injection-fix,aider,gpt-oss:20b,baseline,139,886,247,0,0,65
2026-05-10T08-02-17Z_chem-balance_pi_qwen3_14b_baseline,2026-05-10T08-02-17Z,chem-balance,pi,qwen3:14b,baseline,271,1960,7905,0,0,0
2026-05-10T08-03-20Z_password-strength_aider_gpt_oss_20b_baseline,2026-05-10T08-03-20Z,password-strength,aider,gpt-oss:20b,baseline,440,1000,2400,0,0,93
2026-05-10T08-10-42Z_port-scanner_aider_gpt_oss_20b_baseline,2026-05-10T08-10-42Z,port-scanner,aider,gpt-oss:20b,baseline,60,944,1100,0,0,100
2026-05-10T08-13-58Z_password-strength_aider_devstral_24b_baseline,2026-05-10T08-13-58Z,password-strength,aider,devstral:24b,baseline,112,970,693,0,0,100
2026-05-10T08-14-09Z_password-strength_pi_qwen3_14b_baseline,2026-05-10T08-14-09Z,password-strength,pi,qwen3:14b,baseline,334,2054,9025,0,0,0
2026-05-10T08-15-52Z_port-scanner_aider_devstral_24b_baseline,2026-05-10T08-15-52Z,port-scanner,aider,devstral:24b,baseline,291,861,367,0,0,85
2026-05-10T08-19-45Z_port-scanner_pi_qwen3_14b_baseline,2026-05-10T08-19-45Z,port-scanner,pi,qwen3:14b,baseline,127,5844,2016,1,0,100
2026-05-10T08-20-28Z_bug-fix_aider_qwen3_coder_30b_a3b_q4_K_M_tele-verify,2026-05-10T08-20-28Z,bug-fix,aider,qwen3-coder:30b-a3b-q4_K_M,tele-verify,77,728,148,0,0,100
2026-05-10T08-21-55Z_chem-balance_pi_qwen3_coder_30b_a3b_q4_K_M_baseline,2026-05-10T08-21-55Z,chem-balance,pi,qwen3-coder:30b-a3b-q4_K_M,baseline,89,2258,1484,0,0,0
2026-05-10T08-23-26Z_sql-injection-fix_pi_qwen3_coder_30b_a3b_q4_K_M_baseline,2026-05-10T08-23-26Z,sql-injection-fix,pi,qwen3-coder:30b-a3b-q4_K_M,baseline,23,7966,421,2,0,85
2026-05-10T08-23-52Z_password-strength_pi_qwen3_coder_30b_a3b_q4_K_M_baseline,2026-05-10T08-23-52Z,password-strength,pi,qwen3-coder:30b-a3b-q4_K_M,baseline,128,5561,868,2,0,93
2026-05-10T08-26-02Z_port-scanner_pi_qwen3_coder_30b_a3b_q4_K_M_baseline,2026-05-10T08-26-02Z,port-scanner,pi,qwen3-coder:30b-a3b-q4_K_M,baseline,85,8328,881,2,0,100
2026-05-10T08-26-16Z_bug-fix_aider_qwen3_coder_30b_a3b_q4_K_M_tele-fix,2026-05-10T08-26-16Z,bug-fix,aider,qwen3-coder:30b-a3b-q4_K_M,tele-fix,44,728,148,0,0,100
2026-05-10T08-27-30Z_chem-balance_pi_gpt_oss_20b_baseline,2026-05-10T08-27-30Z,chem-balance,pi,gpt-oss:20b,baseline,204,6406,4817,2,0,5
2026-05-10T08-30-57Z_sql-injection-fix_pi_gpt_oss_20b_baseline,2026-05-10T08-30-57Z,sql-injection-fix,pi,gpt-oss:20b,baseline,45,32315,925,10,0,85
2026-05-10T08-31-45Z_password-strength_pi_gpt_oss_20b_baseline,2026-05-10T08-31-45Z,password-strength,pi,gpt-oss:20b,baseline,95,5657,2287,1,0,29
2026-05-10T08-33-22Z_port-scanner_pi_gpt_oss_20b_baseline,2026-05-10T08-33-22Z,port-scanner,pi,gpt-oss:20b,baseline,48,0,0,0,0,0
2026-05-10T08-34-13Z_chem-balance_pi_devstral_24b_baseline,2026-05-10T08-34-13Z,chem-balance,pi,devstral:24b,baseline,32,1946,154,0,0,0
2026-05-10T08-34-48Z_sql-injection-fix_pi_devstral_24b_baseline,2026-05-10T08-34-48Z,sql-injection-fix,pi,devstral:24b,baseline,5,1877,31,0,0,65
2026-05-10T08-34-55Z_password-strength_pi_devstral_24b_baseline,2026-05-10T08-34-55Z,password-strength,pi,devstral:24b,baseline,13,2044,90,0,0,0
2026-05-10T08-35-10Z_port-scanner_pi_devstral_24b_baseline,2026-05-10T08-35-10Z,port-scanner,pi,devstral:24b,baseline,55,1935,444,0,0,0
2026-05-10T08-46-14Z_bug-fix_squeezer-critique_qwen3_14b_critique-test,2026-05-10T08-46-14Z,bug-fix,squeezer-critique,qwen3:14b,critique-test,189,6987,7004,7,0,100
2026-05-10T08-50-05Z_chem-balance_squeezer-critique_qwen3_14b_crit,2026-05-10T08-50-05Z,chem-balance,squeezer-critique,qwen3:14b,crit,457,2964,18309,1,0,0
2026-05-10T08-57-45Z_sql-injection-fix_squeezer-critique_qwen3_14b_crit,2026-05-10T08-57-45Z,sql-injection-fix,squeezer-critique,qwen3:14b,crit,117,7801,3409,5,0,85
2026-05-10T08-59-45Z_cli-tool_squeezer-critique_qwen3_14b_crit,2026-05-10T08-59-45Z,cli-tool,squeezer-critique,qwen3:14b,crit,184,6172,6539,5,0,100
2026-05-10T09-02-52Z_refactor_squeezer-critique_qwen3_14b_crit,2026-05-10T09-02-52Z,refactor,squeezer-critique,qwen3:14b,crit,221,7529,8645,6,0,?
2026-05-10T09-06-35Z_wifi-stats_squeezer-critique_qwen3_14b_crit,2026-05-10T09-06-35Z,wifi-stats,squeezer-critique,qwen3:14b,crit,284,18040,10219,15,0,78
2026-05-10T09-11-22Z_sql-injection-fix_squeezer-critique_gpt_oss_20b_crit,2026-05-10T09-11-22Z,sql-injection-fix,squeezer-critique,gpt-oss:20b,crit,103,9331,1464,8,0,100
2026-05-10T09-13-08Z_chem-balance_squeezer_qwen3_14b_solo,2026-05-10T09-13-08Z,chem-balance,squeezer,qwen3:14b,solo,145,767,5857,0,0,0
2026-05-10T09-15-37Z_sql-injection-fix_squeezer_qwen3_14b_solo,2026-05-10T09-15-37Z,sql-injection-fix,squeezer,qwen3:14b,solo,42,1973,1706,1,0,65
2026-05-10T09-16-22Z_engineering_aider_qwen3_coder_30b_a3b_q4_K_M_baseline,2026-05-10T09-16-22Z,engineering,aider,qwen3-coder:30b-a3b-q4_K_M,baseline,24,947,328,0,0,100
2026-05-10T09-16-49Z_engineering_aider_gpt_oss_20b_baseline,2026-05-10T09-16-49Z,engineering,aider,gpt-oss:20b,baseline,26,1000,363,0,0,100
2026-05-10T09-17-18Z_engineering_aider_qwen3_14b_baseline,2026-05-10T09-17-18Z,engineering,aider,qwen3:14b,baseline,33,949,763,0,0,100
2026-05-10T09-17-53Z_great-circle_aider_qwen3_coder_30b_a3b_q4_K_M_baseline,2026-05-10T09-17-53Z,great-circle,aider,qwen3-coder:30b-a3b-q4_K_M,baseline,31,852,506,0,0,100
2026-05-10T09-18-28Z_great-circle_aider_gpt_oss_20b_baseline,2026-05-10T09-18-28Z,great-circle,aider,gpt-oss:20b,baseline,58,904,1200,0,0,100
2026-05-10T09-19-29Z_great-circle_aider_qwen3_14b_baseline,2026-05-10T09-19-29Z,great-circle,aider,qwen3:14b,baseline,107,854,3000,0,0,100
2026-05-10T09-21-19Z_bug-fix_aider_qwen3_8b_baseline,2026-05-10T09-21-19Z,bug-fix,aider,qwen3:8b,baseline,18,730,895,0,0,100
2026-05-10T09-21-39Z_cli-tool_aider_qwen3_8b_baseline,2026-05-10T09-21-39Z,cli-tool,aider,qwen3:8b,baseline,15,769,764,0,0,100
2026-05-10T09-21-57Z_refactor_aider_qwen3_8b_baseline,2026-05-10T09-21-57Z,refactor,aider,qwen3:8b,baseline,18,760,990,0,0,66
2026-05-10T09-22-18Z_base64-codec_aider_qwen3_14b_baseline,2026-05-10T09-22-18Z,base64-codec,aider,qwen3:14b,baseline,1344,0,0,0,143,0
2026-05-10T09-44-44Z_levenshtein_aider_qwen3_14b_baseline,2026-05-10T09-44-44Z,levenshtein,aider,qwen3:14b,baseline,78,821,3200,0,0,100
2026-05-10T09-46-06Z_lru-cache_aider_qwen3_14b_baseline,2026-05-10T09-46-06Z,lru-cache,aider,qwen3:14b,baseline,40,815,1500,0,0,100
2026-05-10T09-46-49Z_crc-checksum_aider_qwen3_14b_baseline,2026-05-10T09-46-49Z,crc-checksum,aider,qwen3:14b,baseline,63,830,2500,0,0,42
2026-05-10T09-47-55Z_hamming-code_aider_qwen3_14b_baseline,2026-05-10T09-47-55Z,hamming-code,aider,qwen3:14b,baseline,600,0,0,0,124,100
2026-05-10T09-57-58Z_dijkstra_aider_qwen3_14b_baseline,2026-05-10T09-57-58Z,dijkstra,aider,qwen3:14b,baseline,239,758,2000,0,0,100
2026-05-10T10-02-01Z_knapsack_aider_qwen3_14b_baseline,2026-05-10T10-02-01Z,knapsack,aider,qwen3:14b,baseline,98,749,4000,0,0,100
2026-05-10T10-03-42Z_unit-convert_aider_qwen3_14b_baseline,2026-05-10T10-03-42Z,unit-convert,aider,qwen3:14b,baseline,57,898,2200,0,0,100
2026-05-10T10-04-42Z_base64-codec_aider_qwen3_coder_30b_a3b_q4_K_M_baseline,2026-05-10T10-04-42Z,base64-codec,aider,qwen3-coder:30b-a3b-q4_K_M,baseline,52,767,1000,0,0,50
2026-05-10T10-05-36Z_levenshtein_aider_qwen3_coder_30b_a3b_q4_K_M_baseline,2026-05-10T10-05-36Z,levenshtein,aider,qwen3-coder:30b-a3b-q4_K_M,baseline,44,819,867,0,0,100
2026-05-10T10-06-24Z_lru-cache_aider_qwen3_coder_30b_a3b_q4_K_M_baseline,2026-05-10T10-06-24Z,lru-cache,aider,qwen3-coder:30b-a3b-q4_K_M,baseline,19,813,225,0,0,100
2026-05-10T10-06-45Z_crc-checksum_aider_qwen3_coder_30b_a3b_q4_K_M_baseline,2026-05-10T10-06-45Z,crc-checksum,aider,qwen3-coder:30b-a3b-q4_K_M,baseline,28,828,466,0,0,100
2026-05-10T10-07-15Z_hamming-code_aider_qwen3_coder_30b_a3b_q4_K_M_baseline,2026-05-10T10-07-15Z,hamming-code,aider,qwen3-coder:30b-a3b-q4_K_M,baseline,60,1000,1200,0,0,100
2026-05-10T10-08-18Z_dijkstra_aider_qwen3_coder_30b_a3b_q4_K_M_baseline,2026-05-10T10-08-18Z,dijkstra,aider,qwen3-coder:30b-a3b-q4_K_M,baseline,25,756,415,0,0,100
2026-05-10T10-08-46Z_knapsack_aider_qwen3_coder_30b_a3b_q4_K_M_baseline,2026-05-10T10-08-46Z,knapsack,aider,qwen3-coder:30b-a3b-q4_K_M,baseline,23,747,380,0,0,100
2026-05-10T10-09-12Z_unit-convert_aider_qwen3_coder_30b_a3b_q4_K_M_baseline,2026-05-10T10-09-12Z,unit-convert,aider,qwen3-coder:30b-a3b-q4_K_M,baseline,83,896,1700,0,0,91
2026-05-10T10-10-38Z_base64-codec_aider_gpt_oss_20b_baseline,2026-05-10T10-10-38Z,base64-codec,aider,gpt-oss:20b,baseline,56,807,1100,0,0,75
2026-05-10T10-11-38Z_levenshtein_aider_gpt_oss_20b_baseline,2026-05-10T10-11-38Z,levenshtein,aider,gpt-oss:20b,baseline,67,874,1500,0,0,100
2026-05-10T10-12-48Z_lru-cache_aider_gpt_oss_20b_baseline,2026-05-10T10-12-48Z,lru-cache,aider,gpt-oss:20b,baseline,35,870,736,0,0,100
2026-05-10T10-13-27Z_crc-checksum_aider_gpt_oss_20b_baseline,2026-05-10T10-13-27Z,crc-checksum,aider,gpt-oss:20b,baseline,39,871,840,0,0,100
2026-05-10T10-14-09Z_hamming-code_aider_gpt_oss_20b_baseline,2026-05-10T10-14-09Z,hamming-code,aider,gpt-oss:20b,baseline,81,1100,1900,0,0,100
2026-05-10T10-15-34Z_dijkstra_aider_gpt_oss_20b_baseline,2026-05-10T10-15-34Z,dijkstra,aider,gpt-oss:20b,baseline,36,812,693,0,0,100
2026-05-10T10-16-13Z_knapsack_aider_gpt_oss_20b_baseline,2026-05-10T10-16-13Z,knapsack,aider,gpt-oss:20b,baseline,36,799,768,0,0,100
2026-05-10T10-16-53Z_unit-convert_aider_gpt_oss_20b_baseline,2026-05-10T10-16-53Z,unit-convert,aider,gpt-oss:20b,baseline,158,942,3800,0,0,100
2026-05-10T10-19-35Z_regression-ci_aider_qwen3_14b_baseline,2026-05-10T10-19-35Z,regression-ci,aider,qwen3:14b,baseline,55,789,2100,0,0,100
2026-05-10T10-20-33Z_fft-spectrum_aider_qwen3_14b_baseline,2026-05-10T10-20-33Z,fft-spectrum,aider,qwen3:14b,baseline,81,791,3300,0,0,100
2026-05-10T10-21-57Z_matrix-ops_aider_qwen3_14b_baseline,2026-05-10T10-21-57Z,matrix-ops,aider,qwen3:14b,baseline,70,802,2800,0,0,100
2026-05-10T10-23-11Z_julian-day_aider_qwen3_14b_baseline,2026-05-10T10-23-11Z,julian-day,aider,qwen3:14b,baseline,600,0,0,0,124,18
2026-05-10T10-33-15Z_solar-position_aider_qwen3_14b_baseline,2026-05-10T10-33-15Z,solar-position,aider,qwen3:14b,baseline,161,1100,5200,0,0,28
2026-05-10T10-36-00Z_kalman-filter_aider_qwen3_14b_baseline,2026-05-10T10-36-00Z,kalman-filter,aider,qwen3:14b,baseline,146,905,6000,0,0,100
2026-05-10T10-38-29Z_regression-ci_aider_qwen3_coder_30b_a3b_q4_K_M_baseline,2026-05-10T10-38-29Z,regression-ci,aider,qwen3-coder:30b-a3b-q4_K_M,baseline,33,787,603,0,0,100
2026-05-10T10-39-06Z_fft-spectrum_aider_qwen3_coder_30b_a3b_q4_K_M_baseline,2026-05-10T10-39-06Z,fft-spectrum,aider,qwen3-coder:30b-a3b-q4_K_M,baseline,25,789,438,0,0,100
2026-05-10T10-39-34Z_matrix-ops_aider_qwen3_coder_30b_a3b_q4_K_M_baseline,2026-05-10T10-39-34Z,matrix-ops,aider,qwen3-coder:30b-a3b-q4_K_M,baseline,55,800,1200,0,0,100
2026-05-10T10-40-32Z_julian-day_aider_qwen3_coder_30b_a3b_q4_K_M_baseline,2026-05-10T10-40-32Z,julian-day,aider,qwen3-coder:30b-a3b-q4_K_M,baseline,29,932,536,0,0,70
2026-05-10T10-41-05Z_solar-position_aider_qwen3_coder_30b_a3b_q4_K_M_baseline,2026-05-10T10-41-05Z,solar-position,aider,qwen3-coder:30b-a3b-q4_K_M,baseline,52,1100,1000,0,0,28
2026-05-10T10-42-00Z_kalman-filter_aider_qwen3_coder_30b_a3b_q4_K_M_baseline,2026-05-10T10-42-00Z,kalman-filter,aider,qwen3-coder:30b-a3b-q4_K_M,baseline,600,0,0,0,124,100
2026-05-10T10-52-04Z_regression-ci_aider_gpt_oss_20b_baseline,2026-05-10T10-52-04Z,regression-ci,aider,gpt-oss:20b,baseline,111,847,1400,0,0,100
2026-05-10T10-53-58Z_fft-spectrum_aider_gpt_oss_20b_baseline,2026-05-10T10-53-58Z,fft-spectrum,aider,gpt-oss:20b,baseline,29,855,579,0,0,100
2026-05-10T10-54-30Z_matrix-ops_aider_gpt_oss_20b_baseline,2026-05-10T10-54-30Z,matrix-ops,aider,gpt-oss:20b,baseline,54,864,1200,0,0,89
2026-05-10T10-55-28Z_julian-day_aider_gpt_oss_20b_baseline,2026-05-10T10-55-28Z,julian-day,aider,gpt-oss:20b,baseline,79,950,1900,0,0,100
2026-05-10T10-56-51Z_solar-position_aider_gpt_oss_20b_baseline,2026-05-10T10-56-51Z,solar-position,aider,gpt-oss:20b,baseline,77,1100,1800,0,0,100
2026-05-10T10-58-13Z_kalman-filter_aider_gpt_oss_20b_baseline,2026-05-10T10-58-13Z,kalman-filter,aider,gpt-oss:20b,baseline,62,959,1400,0,0,100
2026-05-10T10-59-19Z_bug-fix_aider_llama3_1_8b_baseline,2026-05-10T10-59-19Z,bug-fix,aider,llama3.1:8b,baseline,7,726,124,0,0,100
2026-05-10T10-59-30Z_cli-tool_aider_llama3_1_8b_baseline,2026-05-10T10-59-30Z,cli-tool,aider,llama3.1:8b,baseline,15,2367,392,0,0,54
2026-05-10T10-59-49Z_refactor_aider_llama3_1_8b_baseline,2026-05-10T10-59-49Z,refactor,aider,llama3.1:8b,baseline,8,756,272,0,0,?
2026-05-10T11-00-00Z_base64-codec_aider_llama3_1_8b_baseline,2026-05-10T11-00-00Z,base64-codec,aider,llama3.1:8b,baseline,12,751,544,0,0,33
2026-05-10T11-00-15Z_dijkstra_aider_llama3_1_8b_baseline,2026-05-10T11-00-15Z,dijkstra,aider,llama3.1:8b,baseline,9,755,348,0,0,89
2026-05-10T11-00-28Z_knapsack_aider_llama3_1_8b_baseline,2026-05-10T11-00-28Z,knapsack,aider,llama3.1:8b,baseline,8,746,317,0,0,100
2026-05-10T11-00-40Z_lru-cache_aider_llama3_1_8b_baseline,2026-05-10T11-00-40Z,lru-cache,aider,llama3.1:8b,baseline,13,2513,404,0,0,100
2026-05-10T11-00-56Z_crc-checksum_aider_llama3_1_8b_baseline,2026-05-10T11-00-56Z,crc-checksum,aider,llama3.1:8b,baseline,10,808,403,0,0,71
2026-05-10T11-01-11Z_bug-fix_aider_qwen2_5_14b_baseline,2026-05-10T11-01-11Z,bug-fix,aider,qwen2.5:14b,baseline,15,726,162,0,0,100
2026-05-10T11-01-29Z_cli-tool_aider_qwen2_5_14b_baseline,2026-05-10T11-01-29Z,cli-tool,aider,qwen2.5:14b,baseline,13,765,185,0,0,100
2026-05-10T11-01-47Z_refactor_aider_qwen2_5_14b_baseline,2026-05-10T11-01-47Z,refactor,aider,qwen2.5:14b,baseline,15,756,244,0,0,?
2026-05-10T11-02-05Z_base64-codec_aider_qwen2_5_14b_baseline,2026-05-10T11-02-05Z,base64-codec,aider,qwen2.5:14b,baseline,25,764,491,0,0,50
2026-05-10T11-02-33Z_dijkstra_aider_qwen2_5_14b_baseline,2026-05-10T11-02-33Z,dijkstra,aider,qwen2.5:14b,baseline,48,3053,875,0,0,?
2026-05-10T11-03-24Z_knapsack_aider_qwen2_5_14b_baseline,2026-05-10T11-03-24Z,knapsack,aider,qwen2.5:14b,baseline,19,744,328,0,0,100
2026-05-10T11-03-46Z_lru-cache_aider_qwen2_5_14b_baseline,2026-05-10T11-03-46Z,lru-cache,aider,qwen2.5:14b,baseline,42,2911,759,0,0,100
2026-05-10T11-04-32Z_crc-checksum_aider_qwen2_5_14b_baseline,2026-05-10T11-04-32Z,crc-checksum,aider,qwen2.5:14b,baseline,21,825,418,0,0,71
2026-05-10T11-04-57Z_bug-fix_aider_phi4_14b_baseline,2026-05-10T11-04-57Z,bug-fix,aider,phi4:14b,baseline,99,5533,1452,0,0,27
2026-05-10T11-06-39Z_cli-tool_aider_phi4_14b_baseline,2026-05-10T11-06-39Z,cli-tool,aider,phi4:14b,baseline,84,5374,1372,0,0,0
2026-05-10T11-08-07Z_refactor_aider_phi4_14b_baseline,2026-05-10T11-08-07Z,refactor,aider,phi4:14b,baseline,86,2063,748,0,0,66
2026-05-10T11-09-37Z_base64-codec_aider_phi4_14b_baseline,2026-05-10T11-09-37Z,base64-codec,aider,phi4:14b,baseline,128,6458,2232,0,0,0
2026-05-10T11-11-48Z_dijkstra_aider_phi4_14b_baseline,2026-05-10T11-11-48Z,dijkstra,aider,phi4:14b,baseline,115,6662,1964,0,0,0
2026-05-10T11-13-46Z_knapsack_aider_phi4_14b_baseline,2026-05-10T11-13-46Z,knapsack,aider,phi4:14b,baseline,95,5553,1606,0,0,0
2026-05-10T11-15-25Z_lru-cache_aider_phi4_14b_baseline,2026-05-10T11-15-25Z,lru-cache,aider,phi4:14b,baseline,82,5820,1354,0,0,0
2026-05-10T11-16-51Z_crc-checksum_aider_phi4_14b_baseline,2026-05-10T11-16-51Z,crc-checksum,aider,phi4:14b,baseline,134,7415,2276,0,0,0
2026-05-10T11-19-08Z_bug-fix_aider_granite3_3_8b_baseline,2026-05-10T11-19-08Z,bug-fix,aider,granite3.3:8b,baseline,23,4296,633,0,0,27
2026-05-10T11-19-35Z_cli-tool_aider_granite3_3_8b_baseline,2026-05-10T11-19-35Z,cli-tool,aider,granite3.3:8b,baseline,28,4436,734,0,0,0
2026-05-10T11-20-07Z_refactor_aider_granite3_3_8b_baseline,2026-05-10T11-20-07Z,refactor,aider,granite3.3:8b,baseline,25,4830,944,0,0,53
2026-05-10T11-20-37Z_base64-codec_aider_granite3_3_8b_baseline,2026-05-10T11-20-37Z,base64-codec,aider,granite3.3:8b,baseline,42,6663,2064,0,0,0
2026-05-10T11-21-23Z_dijkstra_aider_granite3_3_8b_baseline,2026-05-10T11-21-23Z,dijkstra,aider,granite3.3:8b,baseline,32,5540,1381,0,0,0
2026-05-10T11-21-58Z_knapsack_aider_granite3_3_8b_baseline,2026-05-10T11-21-58Z,knapsack,aider,granite3.3:8b,baseline,32,5430,1328,0,0,0
2026-05-10T11-22-33Z_lru-cache_aider_granite3_3_8b_baseline,2026-05-10T11-22-33Z,lru-cache,aider,granite3.3:8b,baseline,37,6201,1672,0,0,0
2026-05-10T11-23-14Z_crc-checksum_aider_granite3_3_8b_baseline,2026-05-10T11-23-14Z,crc-checksum,aider,granite3.3:8b,baseline,32,5913,1431,0,0,0
2026-05-10T11-23-53Z_bug-fix_squeezer-tdd_qwen3_14b_baseline,2026-05-10T11-23-53Z,bug-fix,squeezer-tdd,qwen3:14b,baseline,98,5328,4056,4,0,100
2026-05-10T11-25-35Z_sql-injection-fix_squeezer-tdd_qwen3_14b_baseline,2026-05-10T11-25-35Z,sql-injection-fix,squeezer-tdd,qwen3:14b,baseline,36,2373,1522,1,0,65
2026-05-10T11-26-14Z_wifi-stats_squeezer-tdd_qwen3_14b_baseline,2026-05-10T11-26-14Z,wifi-stats,squeezer-tdd,qwen3:14b,baseline,92,4689,3856,9,0,59
2026-05-10T11-27-50Z_chem-balance_squeezer-tdd_qwen3_14b_baseline,2026-05-10T11-27-50Z,chem-balance,squeezer-tdd,qwen3:14b,baseline,219,967,8874,0,0,0
2026-05-10T11-31-34Z_kepler-orbit_squeezer-tdd_qwen3_14b_baseline,2026-05-10T11-31-34Z,kepler-orbit,squeezer-tdd,qwen3:14b,baseline,151,1064,6136,0,0,0
2026-05-10T11-34-09Z_dijkstra_squeezer-tdd_qwen3_14b_baseline,2026-05-10T11-34-09Z,dijkstra,squeezer-tdd,qwen3:14b,baseline,146,820,5949,0,0,0
2026-05-10T11-36-39Z_bug-fix_squeezer-tdd_qwen3_coder_30b_a3b_q4_K_M_baseline,2026-05-10T11-36-39Z,bug-fix,squeezer-tdd,qwen3-coder:30b-a3b-q4_K_M,baseline,198,56758,3452,19,0,100
2026-05-10T11-40-01Z_sql-injection-fix_squeezer-tdd_qwen3_coder_30b_a3b_q4_K_M_baseline,2026-05-10T11-40-01Z,sql-injection-fix,squeezer-tdd,qwen3-coder:30b-a3b-q4_K_M,baseline,266,80080,4141,23,0,85
2026-05-10T11-44-31Z_wifi-stats_squeezer-tdd_qwen3_coder_30b_a3b_q4_K_M_baseline,2026-05-10T11-44-31Z,wifi-stats,squeezer-tdd,qwen3-coder:30b-a3b-q4_K_M,baseline,301,42588,5413,13,0,83
2026-05-10T11-49-36Z_chem-balance_squeezer-tdd_qwen3_coder_30b_a3b_q4_K_M_baseline,2026-05-10T11-49-36Z,chem-balance,squeezer-tdd,qwen3-coder:30b-a3b-q4_K_M,baseline,146,1184,2934,0,0,0
2026-05-10T11-52-05Z_kepler-orbit_squeezer-tdd_qwen3_coder_30b_a3b_q4_K_M_baseline,2026-05-10T11-52-05Z,kepler-orbit,squeezer-tdd,qwen3-coder:30b-a3b-q4_K_M,baseline,516,107571,8536,30,0,100
2026-05-10T12-00-46Z_dijkstra_squeezer-tdd_qwen3_coder_30b_a3b_q4_K_M_baseline,2026-05-10T12-00-46Z,dijkstra,squeezer-tdd,qwen3-coder:30b-a3b-q4_K_M,baseline,390,60712,6926,17,0,100
2026-05-10T12-07-19Z_bug-fix_squeezer-verify_qwen3_14b_baseline,2026-05-10T12-07-19Z,bug-fix,squeezer-verify,qwen3:14b,baseline,58,1458,2270,1,0,100
2026-05-10T12-08-21Z_sql-injection-fix_squeezer-verify_qwen3_14b_baseline,2026-05-10T12-08-21Z,sql-injection-fix,squeezer-verify,qwen3:14b,baseline,43,2103,1854,1,0,65
2026-05-10T12-09-09Z_wifi-stats_squeezer-verify_qwen3_14b_baseline,2026-05-10T12-09-09Z,wifi-stats,squeezer-verify,qwen3:14b,baseline,73,3405,3083,7,0,51
2026-05-10T12-10-26Z_chem-balance_squeezer-verify_qwen3_14b_baseline,2026-05-10T12-10-26Z,chem-balance,squeezer-verify,qwen3:14b,baseline,191,832,7890,0,0,0
2026-05-10T12-13-41Z_kepler-orbit_squeezer-verify_qwen3_14b_baseline,2026-05-10T12-13-41Z,kepler-orbit,squeezer-verify,qwen3:14b,baseline,135,929,5456,0,0,0
2026-05-10T12-15-59Z_dijkstra_squeezer-verify_qwen3_14b_baseline,2026-05-10T12-15-59Z,dijkstra,squeezer-verify,qwen3:14b,baseline,104,685,4201,0,0,0
2026-05-10T12-17-47Z_bug-fix_squeezer-verify_qwen3_coder_30b_a3b_q4_K_M_baseline,2026-05-10T12-17-47Z,bug-fix,squeezer-verify,qwen3-coder:30b-a3b-q4_K_M,baseline,88,27898,1764,12,0,100
2026-05-10T12-19-19Z_sql-injection-fix_squeezer-verify_qwen3_coder_30b_a3b_q4_K_M_baseline,2026-05-10T12-19-19Z,sql-injection-fix,squeezer-verify,qwen3-coder:30b-a3b-q4_K_M,baseline,346,97155,5384,27,0,35
2026-05-10T12-25-10Z_wifi-stats_squeezer-verify_qwen3_coder_30b_a3b_q4_K_M_baseline,2026-05-10T12-25-10Z,wifi-stats,squeezer-verify,qwen3-coder:30b-a3b-q4_K_M,baseline,157,19831,3206,7,0,75
2026-05-10T12-27-51Z_chem-balance_squeezer-verify_qwen3_coder_30b_a3b_q4_K_M_baseline,2026-05-10T12-27-51Z,chem-balance,squeezer-verify,qwen3-coder:30b-a3b-q4_K_M,baseline,417,1049,8148,0,0,0
2026-05-10T12-34-52Z_kepler-orbit_squeezer-verify_qwen3_coder_30b_a3b_q4_K_M_baseline,2026-05-10T12-34-52Z,kepler-orbit,squeezer-verify,qwen3-coder:30b-a3b-q4_K_M,baseline,205,28169,3809,8,0,100
2026-05-10T12-38-22Z_dijkstra_squeezer-verify_qwen3_coder_30b_a3b_q4_K_M_baseline,2026-05-10T12-38-22Z,dijkstra,squeezer-verify,qwen3-coder:30b-a3b-q4_K_M,baseline,522,103998,8681,30,0,100
2026-05-10T12-47-09Z_bug-fix_squeezer-architect_qwen3_14b_baseline,2026-05-10T12-47-09Z,bug-fix,squeezer-architect,qwen3:14b,baseline,113,3292,3724,1,0,100
2026-05-10T12-49-07Z_sql-injection-fix_squeezer-architect_qwen3_14b_baseline,2026-05-10T12-49-07Z,sql-injection-fix,squeezer-architect,qwen3:14b,baseline,105,6294,3539,2,0,30
2026-05-10T12-50-58Z_wifi-stats_squeezer-architect_qwen3_14b_baseline,2026-05-10T12-50-58Z,wifi-stats,squeezer-architect,qwen3:14b,baseline,246,13292,8636,14,0,48
2026-05-10T12-55-09Z_chem-balance_squeezer-architect_qwen3_14b_baseline,2026-05-10T12-55-09Z,chem-balance,squeezer-architect,qwen3:14b,baseline,256,2832,9277,0,0,0
2026-05-10T12-59-30Z_kepler-orbit_squeezer-architect_qwen3_14b_baseline,2026-05-10T12-59-30Z,kepler-orbit,squeezer-architect,qwen3:14b,baseline,265,2950,9587,0,0,0
2026-05-10T13-04-00Z_dijkstra_squeezer-architect_qwen3_14b_baseline,2026-05-10T13-04-00Z,dijkstra,squeezer-architect,qwen3:14b,baseline,93,4240,2615,1,0,100
2026-05-10T13-05-38Z_bug-fix_squeezer-architect_qwen3_coder_30b_a3b_q4_K_M_baseline,2026-05-10T13-05-38Z,bug-fix,squeezer-architect,qwen3-coder:30b-a3b-q4_K_M,baseline,70,13840,1309,6,0,100
2026-05-10T13-06-53Z_sql-injection-fix_squeezer-architect_qwen3_coder_30b_a3b_q4_K_M_baseline,2026-05-10T13-06-53Z,sql-injection-fix,squeezer-architect,qwen3-coder:30b-a3b-q4_K_M,baseline,105,20454,1868,6,0,85
2026-05-10T13-08-43Z_wifi-stats_squeezer-architect_qwen3_coder_30b_a3b_q4_K_M_baseline,2026-05-10T13-08-43Z,wifi-stats,squeezer-architect,qwen3-coder:30b-a3b-q4_K_M,baseline,308,38995,4982,12,0,60
2026-05-10T13-13-56Z_chem-balance_squeezer-architect_qwen3_coder_30b_a3b_q4_K_M_baseline,2026-05-10T13-13-56Z,chem-balance,squeezer-architect,qwen3-coder:30b-a3b-q4_K_M,baseline,173,3132,3283,0,0,0
2026-05-10T13-16-54Z_kepler-orbit_squeezer-architect_qwen3_coder_30b_a3b_q4_K_M_baseline,2026-05-10T13-16-54Z,kepler-orbit,squeezer-architect,qwen3-coder:30b-a3b-q4_K_M,baseline,116,18855,2191,5,0,100
2026-05-10T13-18-55Z_dijkstra_squeezer-architect_qwen3_coder_30b_a3b_q4_K_M_baseline,2026-05-10T13-18-55Z,dijkstra,squeezer-architect,qwen3-coder:30b-a3b-q4_K_M,baseline,162,22550,2988,7,0,100
2026-05-10T13-21-45Z_base64-codec_squeezer_qwen3_14b_baseline,2026-05-10T13-21-45Z,base64-codec,squeezer,qwen3:14b,baseline,400,631,16193,0,0,0
2026-05-10T13-28-32Z_bug-fix_aider_mistral_small_24b_baseline,2026-05-10T13-28-32Z,bug-fix,aider,mistral-small:24b,baseline,43,694,202,0,0,100
2026-05-10T13-29-20Z_kepler-orbit_aider_qwen3_14b_baseline,2026-05-10T13-29-20Z,kepler-orbit,aider,qwen3:14b,baseline,145,1000,4100,0,0,100
2026-05-10T13-34-08Z_bug-fix_aider_qwen3_14b_m4max-q14b,2026-05-10T13-34-08Z,bug-fix,aider,qwen3:14b,m4max-q14b,19,730,471,0,0,100
2026-05-10T13-34-31Z_cli-tool_aider_qwen3_14b_m4max-q14b,2026-05-10T13-34-31Z,cli-tool,aider,qwen3:14b,m4max-q14b,147,769,5000,0,0,54
2026-05-10T13-37-04Z_refactor_aider_qwen3_14b_m4max-q14b,2026-05-10T13-37-04Z,refactor,aider,qwen3:14b,m4max-q14b,46,760,1200,0,0,66
2026-05-10T13-37-56Z_base64-codec_aider_qwen3_14b_m4max-q14b,2026-05-10T13-37-56Z,base64-codec,aider,qwen3:14b,m4max-q14b,600,0,0,0,124,0
2026-05-10T13-46-13Z_kepler-orbit_aider_gpt_oss_20b_fill,2026-05-10T13-46-13Z,kepler-orbit,aider,gpt-oss:20b,fill,68,1100,1500,0,0,100
2026-05-10T13-47-26Z_kepler-orbit_aider_qwen3_coder_30b_a3b_q4_K_M_fill,2026-05-10T13-47-26Z,kepler-orbit,aider,qwen3-coder:30b-a3b-q4_K_M,fill,57,1000,1100,0,0,100
2026-05-10T13-48-01Z_dijkstra_aider_qwen3_14b_m4max-q14b,2026-05-10T13-48-01Z,dijkstra,aider,qwen3:14b,m4max-q14b,600,0,0,0,124,0
2026-05-10T13-48-29Z_base64-codec_aider_mistral_small_24b_fill,2026-05-10T13-48-29Z,base64-codec,aider,mistral-small:24b,fill,93,757,612,0,0,37
2026-05-10T13-50-09Z_chem-balance_aider_mistral_small_24b_fill,2026-05-10T13-50-09Z,chem-balance,aider,mistral-small:24b,fill,83,873,572,0,0,?
2026-05-10T13-51-38Z_cli-tool_aider_mistral_small_24b_fill,2026-05-10T13-51-38Z,cli-tool,aider,mistral-small:24b,fill,41,737,242,0,0,100
2026-05-10T13-52-24Z_crc-checksum_aider_mistral_small_24b_fill,2026-05-10T13-52-24Z,crc-checksum,aider,mistral-small:24b,fill,71,809,484,0,0,100
2026-05-10T13-53-41Z_dijkstra_aider_mistral_small_24b_fill,2026-05-10T13-53-41Z,dijkstra,aider,mistral-small:24b,fill,62,727,415,0,0,100
2026-05-10T13-54-49Z_engineering_aider_mistral_small_24b_fill,2026-05-10T13-54-49Z,engineering,aider,mistral-small:24b,fill,53,920,335,0,0,100
2026-05-10T13-55-48Z_fft-spectrum_aider_mistral_small_24b_fill,2026-05-10T13-55-48Z,fft-spectrum,aider,mistral-small:24b,fill,55,770,359,0,0,87
2026-05-10T13-56-50Z_great-circle_aider_mistral_small_24b_fill,2026-05-10T13-56-50Z,great-circle,aider,mistral-small:24b,fill,76,825,516,0,0,100
2026-05-10T13-58-06Z_knapsack_aider_qwen3_14b_m4max-q14b,2026-05-10T13-58-06Z,knapsack,aider,qwen3:14b,m4max-q14b,600,0,0,0,124,0
2026-05-10T13-58-12Z_hamming-code_aider_mistral_small_24b_fill,2026-05-10T13-58-12Z,hamming-code,aider,mistral-small:24b,fill,120,968,851,0,0,60
2026-05-10T14-00-20Z_julian-day_aider_mistral_small_24b_fill,2026-05-10T14-00-20Z,julian-day,aider,mistral-small:24b,fill,72,896,486,0,0,70
2026-05-10T14-01-39Z_kalman-filter_aider_mistral_small_24b_fill,2026-05-10T14-01-39Z,kalman-filter,aider,mistral-small:24b,fill,72,871,477,0,0,100
2026-05-10T14-02-58Z_kepler-orbit_aider_mistral_small_24b_fill,2026-05-10T14-02-58Z,kepler-orbit,aider,mistral-small:24b,fill,555,13166,2458,0,0,?
2026-05-10T14-08-12Z_lru-cache_aider_qwen3_14b_m4max-q14b,2026-05-10T14-08-12Z,lru-cache,aider,qwen3:14b,m4max-q14b,600,0,0,0,124,0
2026-05-10T14-12-18Z_knapsack_aider_mistral_small_24b_fill,2026-05-10T14-12-18Z,knapsack,aider,mistral-small:24b,fill,54,713,347,0,0,100
2026-05-10T14-13-17Z_levenshtein_aider_mistral_small_24b_fill,2026-05-10T14-13-17Z,levenshtein,aider,mistral-small:24b,fill,119,783,855,0,0,100
2026-05-10T14-15-23Z_lru-cache_aider_mistral_small_24b_fill,2026-05-10T14-15-23Z,lru-cache,aider,mistral-small:24b,fill,38,784,234,0,0,100
2026-05-10T14-16-09Z_matrix-ops_aider_mistral_small_24b_fill,2026-05-10T14-16-09Z,matrix-ops,aider,mistral-small:24b,fill,125,799,896,0,0,41
2026-05-10T14-18-18Z_crc-checksum_aider_qwen3_14b_m4max-q14b,2026-05-10T14-18-18Z,crc-checksum,aider,qwen3:14b,m4max-q14b,600,0,0,0,124,0
2026-05-10T14-18-20Z_password-strength_aider_mistral_small_24b_fill,2026-05-10T14-18-20Z,password-strength,aider,mistral-small:24b,fill,87,972,594,0,0,86
2026-05-10T14-19-53Z_port-scanner_aider_mistral_small_24b_fill,2026-05-10T14-19-53Z,port-scanner,aider,mistral-small:24b,fill,45,863,278,0,0,75
2026-05-10T14-20-44Z_projectile-sim_aider_mistral_small_24b_fill,2026-05-10T14-20-44Z,projectile-sim,aider,mistral-small:24b,fill,339,3925,1602,0,0,23
2026-05-10T14-26-29Z_refactor_aider_mistral_small_24b_fill,2026-05-10T14-26-29Z,refactor,aider,mistral-small:24b,fill,52,724,255,0,0,66
2026-05-10T14-27-28Z_regression-ci_aider_mistral_small_24b_fill,2026-05-10T14-27-28Z,regression-ci,aider,mistral-small:24b,fill,47,767,293,0,0,100
2026-05-10T14-28-21Z_solar-position_aider_mistral_small_24b_fill,2026-05-10T14-28-21Z,solar-position,aider,mistral-small:24b,fill,439,5400,2400,0,0,11
2026-05-10T14-28-24Z_hamming-code_aider_qwen3_14b_m4max-q14b,2026-05-10T14-28-24Z,hamming-code,aider,qwen3:14b,m4max-q14b,176,0,0,0,143,0
2026-05-10T14-35-45Z_sql-injection-fix_aider_mistral_small_24b_fill,2026-05-10T14-35-45Z,sql-injection-fix,aider,mistral-small:24b,fill,48,803,289,0,0,20
2026-05-10T14-36-39Z_unit-convert_aider_mistral_small_24b_fill,2026-05-10T14-36-39Z,unit-convert,aider,mistral-small:24b,fill,150,863,1100,0,0,30
2026-05-10T14-39-16Z_wifi-stats_aider_mistral_small_24b_fill,2026-05-10T14-39-16Z,wifi-stats,aider,mistral-small:24b,fill,151,780,1100,0,0,67
2026-05-10T14-41-54Z_chem-balance_aider_qwen2_5_14b_fill,2026-05-10T14-41-54Z,chem-balance,aider,qwen2.5:14b,fill,57,900,1100,0,0,11
2026-05-10T14-43-13Z_dijkstra_aider_qwen2_5_14b_fill,2026-05-10T14-43-13Z,dijkstra,aider,qwen2.5:14b,fill,50,3053,875,0,0,?
2026-05-10T14-44-10Z_engineering_aider_qwen2_5_14b_fill,2026-05-10T14-44-10Z,engineering,aider,qwen2.5:14b,fill,20,944,333,0,0,100
2026-05-10T14-44-36Z_fft-spectrum_aider_qwen2_5_14b_fill,2026-05-10T14-44-36Z,fft-spectrum,aider,qwen2.5:14b,fill,19,786,313,0,0,100
2026-05-10T14-45-01Z_great-circle_aider_qwen2_5_14b_fill,2026-05-10T14-45-01Z,great-circle,aider,qwen2.5:14b,fill,33,849,682,0,0,100
2026-05-10T14-45-40Z_hamming-code_aider_qwen2_5_14b_fill,2026-05-10T14-45-40Z,hamming-code,aider,qwen2.5:14b,fill,35,1000,728,0,0,26
2026-05-10T14-46-22Z_julian-day_aider_qwen2_5_14b_fill,2026-05-10T14-46-22Z,julian-day,aider,qwen2.5:14b,fill,27,929,536,0,0,100
2026-05-10T14-46-56Z_kalman-filter_aider_qwen2_5_14b_fill,2026-05-10T14-46-56Z,kalman-filter,aider,qwen2.5:14b,fill,30,900,595,0,0,71
2026-05-10T14-47-33Z_kepler-orbit_aider_qwen2_5_14b_fill,2026-05-10T14-47-33Z,kepler-orbit,aider,qwen2.5:14b,fill,37,997,783,0,0,100
2026-05-10T14-48-17Z_levenshtein_aider_qwen2_5_14b_fill,2026-05-10T14-48-17Z,levenshtein,aider,qwen2.5:14b,fill,41,816,907,0,0,100
2026-05-10T14-49-05Z_matrix-ops_aider_qwen2_5_14b_fill,2026-05-10T14-49-05Z,matrix-ops,aider,qwen2.5:14b,fill,130,7097,2508,0,0,0
2026-05-10T14-51-22Z_password-strength_aider_qwen2_5_14b_fill,2026-05-10T14-51-22Z,password-strength,aider,qwen2.5:14b,fill,35,995,715,0,0,79
2026-05-10T16-07-30Z_truthfulqa-mc_qa_qwen3_14b_rag,2026-05-10T16-07-30Z,truthfulqa-mc,qa,qwen3:14b,rag,19,797,616,0,0,100
2026-05-10T16-07-56Z_needle-haystack_qa_qwen3_14b_rag,2026-05-10T16-07-56Z,needle-haystack,qa,qwen3:14b,rag,13,4096,469,0,0,22
2026-05-10T16-08-14Z_wiki-rag_qa_qwen3_14b_rag,2026-05-10T16-08-14Z,wiki-rag,qa,qwen3:14b,rag,12,1231,504,0,0,91
2026-05-10T16-08-33Z_truthfulqa-mc_qa_qwen3_coder_30b_a3b_q4_K_M_rag,2026-05-10T16-08-33Z,truthfulqa-mc,qa,qwen3-coder:30b-a3b-q4_K_M,rag,10,795,26,0,0,85
2026-05-10T16-08-50Z_needle-haystack_qa_qwen3_coder_30b_a3b_q4_K_M_rag,2026-05-10T16-08-50Z,needle-haystack,qa,qwen3-coder:30b-a3b-q4_K_M,rag,6,4096,35,0,0,5
2026-05-10T16-09-03Z_wiki-rag_qa_qwen3_coder_30b_a3b_q4_K_M_rag,2026-05-10T16-09-03Z,wiki-rag,qa,qwen3-coder:30b-a3b-q4_K_M,rag,8,1229,184,0,0,71
2026-05-10T16-09-16Z_truthfulqa-mc_qa_gpt_oss_20b_rag,2026-05-10T16-09-16Z,truthfulqa-mc,qa,gpt-oss:20b,rag,34,827,668,0,0,92
2026-05-10T16-09-56Z_needle-haystack_qa_gpt_oss_20b_rag,2026-05-10T16-09-56Z,needle-haystack,qa,gpt-oss:20b,rag,31,4096,714,0,0,22
2026-05-10T16-10-32Z_wiki-rag_qa_gpt_oss_20b_rag,2026-05-10T16-10-32Z,wiki-rag,qa,gpt-oss:20b,rag,43,1201,1055,0,0,82
2026-05-10T16-11-21Z_truthfulqa-mc_qa_mistral_small_24b_rag,2026-05-10T16-11-21Z,truthfulqa-mc,qa,mistral-small:24b,rag,13,791,6,0,0,5
2026-05-10T16-11-39Z_needle-haystack_qa_mistral_small_24b_rag,2026-05-10T16-11-39Z,needle-haystack,qa,mistral-small:24b,rag,6,4096,6,0,0,22
2026-05-10T16-11-51Z_wiki-rag_qa_mistral_small_24b_rag,2026-05-10T16-11-51Z,wiki-rag,qa,mistral-small:24b,rag,26,1233,199,0,0,91
2026-05-10T16-12-24Z_chem-balance_aider_mistral_small_24b_fill,2026-05-10T16-12-24Z,chem-balance,aider,mistral-small:24b,fill,82,873,572,0,0,?
2026-05-10T16-13-53Z_kepler-orbit_aider_mistral_small_24b_fill,2026-05-10T16-13-53Z,kepler-orbit,aider,mistral-small:24b,fill,253,4166,1268,0,0,?
2026-05-10T16-18-13Z_dijkstra_aider_qwen2_5_14b_fill,2026-05-10T16-18-13Z,dijkstra,aider,qwen2.5:14b,fill,24,753,358,0,0,100
2026-05-10T16-18-43Z_port-scanner_aider_qwen2_5_14b_fill,2026-05-10T16-18-43Z,port-scanner,aider,qwen2.5:14b,fill,20,887,330,0,0,75
2026-05-10T16-19-09Z_projectile-sim_aider_qwen2_5_14b_fill,2026-05-10T16-19-09Z,projectile-sim,aider,qwen2.5:14b,fill,34,960,731,0,0,23
2026-05-10T16-20-49Z_refactor_aider_qwen2_5_14b_fill,2026-05-10T16-20-49Z,refactor,aider,qwen2.5:14b,fill,15,756,244,0,0,?
2026-05-10T16-21-09Z_regression-ci_aider_qwen2_5_14b_fill,2026-05-10T16-21-09Z,regression-ci,aider,qwen2.5:14b,fill,21,784,363,0,0,100
2026-05-10T16-21-35Z_solar-position_aider_qwen2_5_14b_fill,2026-05-10T16-21-35Z,solar-position,aider,qwen2.5:14b,fill,25,1100,461,0,0,11
2026-05-10T16-22-05Z_sql-injection-fix_aider_qwen2_5_14b_fill,2026-05-10T16-22-05Z,sql-injection-fix,aider,qwen2.5:14b,fill,18,828,293,0,0,100
2026-05-10T16-22-29Z_unit-convert_aider_qwen2_5_14b_fill,2026-05-10T16-22-29Z,unit-convert,aider,qwen2.5:14b,fill,61,894,1400,0,0,30
2026-05-10T16-23-36Z_wifi-stats_aider_qwen2_5_14b_fill,2026-05-10T16-23-36Z,wifi-stats,aider,qwen2.5:14b,fill,41,799,879,0,0,9
2026-05-10T16-24-23Z_base64-codec_squeezer-critique_gpt_oss_20b_fill,2026-05-10T16-24-23Z,base64-codec,squeezer-critique,gpt-oss:20b,fill,766,8976,17665,6,0,75
2026-05-10T16-37-15Z_bug-fix_squeezer-critique_gpt_oss_20b_fill,2026-05-10T16-37-15Z,bug-fix,squeezer-critique,gpt-oss:20b,fill,67,8308,1511,8,0,100
2026-05-10T16-38-27Z_chem-balance_squeezer-critique_gpt_oss_20b_fill,2026-05-10T16-38-27Z,chem-balance,squeezer-critique,gpt-oss:20b,fill,766,56066,17391,21,0,100
2026-05-10T16-51-19Z_cli-tool_squeezer-critique_gpt_oss_20b_fill,2026-05-10T16-51-19Z,cli-tool,squeezer-critique,gpt-oss:20b,fill,521,24936,11492,17,0,100
2026-05-10T17-00-06Z_crc-checksum_squeezer-critique_gpt_oss_20b_fill,2026-05-10T17-00-06Z,crc-checksum,squeezer-critique,gpt-oss:20b,fill,128,5626,2994,3,0,100
2026-05-10T17-02-21Z_dijkstra_squeezer-critique_gpt_oss_20b_fill,2026-05-10T17-02-21Z,dijkstra,squeezer-critique,gpt-oss:20b,fill,115,10853,2719,7,0,100
2026-05-10T17-04-22Z_engineering_squeezer-critique_gpt_oss_20b_fill,2026-05-10T17-04-22Z,engineering,squeezer-critique,gpt-oss:20b,fill,318,52273,7184,19,0,100
2026-05-10T17-09-47Z_fft-spectrum_squeezer-critique_gpt_oss_20b_fill,2026-05-10T17-09-47Z,fft-spectrum,squeezer-critique,gpt-oss:20b,fill,396,18406,8696,10,0,100
2026-05-10T17-16-30Z_great-circle_squeezer-critique_gpt_oss_20b_fill,2026-05-10T17-16-30Z,great-circle,squeezer-critique,gpt-oss:20b,fill,121,13215,2768,7,0,100
2026-05-10T17-18-37Z_hamming-code_squeezer-critique_gpt_oss_20b_fill,2026-05-10T17-18-37Z,hamming-code,squeezer-critique,gpt-oss:20b,fill,437,16703,9304,10,0,100
2026-05-10T17-26-00Z_julian-day_squeezer-critique_gpt_oss_20b_fill,2026-05-10T17-26-00Z,julian-day,squeezer-critique,gpt-oss:20b,fill,324,22599,6053,10,0,50
2026-05-10T17-31-30Z_kalman-filter_squeezer-critique_gpt_oss_20b_fill,2026-05-10T17-31-30Z,kalman-filter,squeezer-critique,gpt-oss:20b,fill,172,9652,3977,5,0,100
2026-05-10T17-34-29Z_kepler-orbit_squeezer-critique_gpt_oss_20b_fill,2026-05-10T17-34-29Z,kepler-orbit,squeezer-critique,gpt-oss:20b,fill,308,33989,6301,14,0,100
2026-05-10T17-39-43Z_knapsack_squeezer-critique_gpt_oss_20b_fill,2026-05-10T17-39-43Z,knapsack,squeezer-critique,gpt-oss:20b,fill,114,4163,2630,3,0,50
2026-05-10T17-41-42Z_levenshtein_squeezer-critique_gpt_oss_20b_fill,2026-05-10T17-41-42Z,levenshtein,squeezer-critique,gpt-oss:20b,fill,468,35164,10661,16,0,100
2026-05-10T17-49-36Z_lru-cache_squeezer-critique_gpt_oss_20b_fill,2026-05-10T17-49-36Z,lru-cache,squeezer-critique,gpt-oss:20b,fill,188,13364,3065,8,0,100
2026-05-10T17-52-50Z_matrix-ops_squeezer-critique_gpt_oss_20b_fill,2026-05-10T17-52-50Z,matrix-ops,squeezer-critique,gpt-oss:20b,fill,472,18276,10771,7,0,89
2026-05-10T18-00-49Z_password-strength_squeezer-critique_gpt_oss_20b_fill,2026-05-10T18-00-49Z,password-strength,squeezer-critique,gpt-oss:20b,fill,488,15295,11155,6,0,100
2026-05-10T18-09-04Z_port-scanner_squeezer-critique_gpt_oss_20b_fill,2026-05-10T18-09-04Z,port-scanner,squeezer-critique,gpt-oss:20b,fill,270,13115,6273,7,0,100
2026-05-10T18-13-40Z_projectile-sim_squeezer-critique_gpt_oss_20b_fill,2026-05-10T18-13-40Z,projectile-sim,squeezer-critique,gpt-oss:20b,fill,511,28882,11761,11,0,100
2026-05-10T18-22-18Z_refactor_squeezer-critique_gpt_oss_20b_fill,2026-05-10T18-22-18Z,refactor,squeezer-critique,gpt-oss:20b,fill,110,6416,2567,6,0,100
2026-05-10T18-24-13Z_regression-ci_squeezer-critique_gpt_oss_20b_fill,2026-05-10T18-24-13Z,regression-ci,squeezer-critique,gpt-oss:20b,fill,286,30177,6485,11,0,100
2026-05-10T18-29-05Z_solar-position_squeezer-critique_gpt_oss_20b_fill,2026-05-10T18-29-05Z,solar-position,squeezer-critique,gpt-oss:20b,fill,851,55438,15276,18,0,28
2026-05-10T18-43-22Z_unit-convert_squeezer-critique_gpt_oss_20b_fill,2026-05-10T18-43-22Z,unit-convert,squeezer-critique,gpt-oss:20b,fill,961,40631,18372,16,0,23
2026-05-10T18-59-29Z_wifi-stats_squeezer-critique_gpt_oss_20b_fill,2026-05-10T18-59-29Z,wifi-stats,squeezer-critique,gpt-oss:20b,fill,520,72455,11646,30,0,72
2026-05-10T19-08-14Z_base64-codec_aider_qwen3_8b_fill,2026-05-10T19-08-14Z,base64-codec,aider,qwen3:8b,fill,601,0,0,0,124,0
2026-05-10T19-18-21Z_chem-balance_aider_qwen3_8b_fill,2026-05-10T19-18-21Z,chem-balance,aider,qwen3:8b,fill,600,0,0,0,124,0
2026-05-10T19-28-27Z_crc-checksum_aider_qwen3_8b_fill,2026-05-10T19-28-27Z,crc-checksum,aider,qwen3:8b,fill,600,0,0,0,124,0
2026-05-10T19-38-33Z_dijkstra_aider_qwen3_8b_fill,2026-05-10T19-38-33Z,dijkstra,aider,qwen3:8b,fill,600,0,0,0,124,0
2026-05-10T19-48-39Z_engineering_aider_qwen3_8b_fill,2026-05-10T19-48-39Z,engineering,aider,qwen3:8b,fill,600,0,0,0,124,0
2026-05-10T19-58-44Z_fft-spectrum_aider_qwen3_8b_fill,2026-05-10T19-58-44Z,fft-spectrum,aider,qwen3:8b,fill,600,0,0,0,124,0
2026-05-10T20-08-50Z_great-circle_aider_qwen3_8b_fill,2026-05-10T20-08-50Z,great-circle,aider,qwen3:8b,fill,600,0,0,0,124,0
2026-05-10T20-18-57Z_hamming-code_aider_qwen3_8b_fill,2026-05-10T20-18-57Z,hamming-code,aider,qwen3:8b,fill,600,0,0,0,124,0
2026-05-10T20-29-03Z_julian-day_aider_qwen3_8b_fill,2026-05-10T20-29-03Z,julian-day,aider,qwen3:8b,fill,600,0,0,0,124,0
2026-05-10T20-39-09Z_kalman-filter_aider_qwen3_8b_fill,2026-05-10T20-39-09Z,kalman-filter,aider,qwen3:8b,fill,600,0,0,0,124,0
2026-05-10T20-49-16Z_kepler-orbit_aider_qwen3_8b_fill,2026-05-10T20-49-16Z,kepler-orbit,aider,qwen3:8b,fill,600,0,0,0,124,0
2026-05-10T20-59-22Z_knapsack_aider_qwen3_8b_fill,2026-05-10T20-59-22Z,knapsack,aider,qwen3:8b,fill,600,0,0,0,124,0
2026-05-10T21-09-27Z_levenshtein_aider_qwen3_8b_fill,2026-05-10T21-09-27Z,levenshtein,aider,qwen3:8b,fill,601,0,0,0,124,0
